{
    "data": {
        "AED": 3.802479,
        "AFN": 92.22266,
        "ALL": 117.114477,
        "AMD": 412.196058,
        "ANG": 1.879156,
        "AOA": 519.634484,
        "ARS": 167.839757,
        "AUD": 1.533307,
        "AWG": 1.865869,
        "AZN": 1.760144,
        "BAM": 1.95782,
        "BBD": 2.070772,
        "BDT": 106.879027,
        "BGN": 1.955723,
        "BHD": 0.390509,
        "BIF": 2135.224668,
        "BMD": 1.035905,
        "BND": 1.427622,
        "BOB": 7.202276,
        "BRL": 5.52155,
        "BSD": 1.035619,
        "BTC": 0.000061,
        "BTN": 84.383698,
        "BWP": 13.430965,
        "BYN": 2.632694,
        "BZD": 2.101033
    }
}